Customer_id,First_name,Last_name,Gender,Date_of_birth,Email,Phone_number
C0001,Georgina,Clark,Female,10/19/1988,georgina.clark66@example.com,+44 7815 933635
C0002,Stanley,Grant,Male,10/10/1956,stanley.grant27@example.com,+44 7229 176905
C0003,Maureen,Wilson,Female,8/3/1947,maureen.wilson27@example.com,+44 7138 895933
C0004,Trevor,Green,Male,8/6/1980,trevor.green2@example.com,+44 7357 844585
C0005,Kelly,Carter,Male,5/23/1939,kelly.carter35@example.com,+44 7763 307830
C0006,Benjamin,Jones,Male,1/2/1934,benjamin.jones15@example.com,+44 7604 692482
C0007,Fiona,Hughes,Female,2/19/1980,fiona.hughes14@example.com,+44 7144 986692
C0008,Kerry,Davies,Male,6/14/1999,kerry.davies8@example.com,+44 7172 516060
C0009,Josh,Baker,Male,9/15/1970,josh.baker85@example.com,+44 7715 524503
C0010,Charlie,Turner,Male,10/13/1963,charlie.turner43@example.com,+44 7414 236594
C0011,Clive,Bishop,Male,8/15/1940,clive.bishop3@example.com,+44 7953 795501
C0012,Sally,James,Female,9/11/1961,sally.james56@example.com,+44 7924 930065
C0013,Fiona,Carroll,Female,2/18/1994,fiona.carroll42@example.com,+44 7566 306788
C0014,Kate,Faulkner,Female,5/5/1948,kate.faulkner47@example.com,+44 7889 186387
C0015,Joshua,Hodgson,Male,4/19/1987,joshua.hodgson92@example.com,+44 7759 857893
C0016,Emma,Johnson,Female,8/4/1949,emma.johnson93@example.com,+44 7869 592763
C0017,Amy,Simpson,Female,5/15/1934,amy.simpson16@example.com,+44 7635 656374
C0018,Marie,Mitchell,Female,6/22/1944,marie.mitchell49@example.com,+44 7570 565847
C0019,Denise,Hughes,Female,2/10/1990,denise.hughes95@example.com,+44 7780 774347
C0020,Leslie,Wilson,Male,8/6/1956,leslie.wilson98@example.com,+44 7565 135690
C0021,Hilary,Young,Male,1/2/2000,hilary.young84@example.com,+44 7506 702757
C0022,Timothy,Jones,Male,3/15/1948,timothy.jones20@example.com,+44 7903 262544
C0023,Clive,Henderson,Male,1/14/1961,clive.henderson51@example.com,+44 7390 611759
C0024,Justin,Williams,Male,6/23/1974,justin.williams42@example.com,+44 7783 206213
C0025,Adam,Cox,Male,11/24/1946,adam.cox77@example.com,+44 7280 281033
C0026,Mathew,Buckley,Male,9/8/1944,mathew.buckley9@example.com,+44 7100 275324
C0027,John,Page,Male,9/6/2000,john.page78@example.com,+44 7210 617747
C0028,Max,Taylor,Male,10/23/1944,max.taylor6@example.com,+44 7332 463273
C0029,Gillian,Edwards,Female,11/5/1966,gillian.edwards37@example.com,+44 7676 349783
C0030,Lee,Adams,Male,10/13/1994,lee.adams69@example.com,+44 7295 447024
C0031,Charlene,Armstrong,Female,1/2/2004,charlene.armstrong11@example.com,+44 7451 173075
C0032,Henry,Hall,Male,11/1/2001,henry.hall70@example.com,+44 7466 527188
C0033,Raymond,Kay,Male,12/7/1975,raymond.kay93@example.com,+44 7794 344761
C0034,Joel,Thompson,Male,7/10/1997,joel.thompson79@example.com,+44 7470 370206
C0035,Denise,Shah,Female,2/17/1960,denise.shah3@example.com,+44 7465 764626
C0036,Charlie,Sanderson,Male,7/13/1986,charlie.sanderson59@example.com,+44 7875 538811
C0037,Thomas,Smith,Male,6/23/2005,thomas.smith96@example.com,+44 7709 672768
C0038,Bruce,Hall,Male,11/19/1955,bruce.hall99@example.com,+44 7446 411775
C0039,Owen,Wells,Male,1/21/1941,owen.wells45@example.com,+44 7794 195043
C0040,Jake,Nash,Male,6/27/1984,jake.nash27@example.com,+44 7465 153842
C0041,Tracey,Buckley,Female,12/23/1984,tracey.buckley69@example.com,+44 7775 291173
C0042,Alexander,Campbell,Male,1/19/1973,alexander.campbell28@example.com,+44 7121 765821
C0043,Justin,Connolly,Male,5/6/1942,justin.connolly6@example.com,+44 7557 176053
C0044,Dorothy,Wells,Female,9/28/1957,dorothy.wells72@example.com,+44 7900 205409
C0045,John,Lawrence,Male,8/17/1992,john.lawrence6@example.com,+44 7379 745477
C0046,Abigail,Harrison,Female,8/20/1971,abigail.harrison25@example.com,+44 7426 590929
C0047,Sara,Lee,Female,5/24/1947,sara.lee24@example.com,+44 7727 621589
C0048,Melanie,Tyler,Female,4/30/2002,melanie.tyler10@example.com,+44 7490 475135
C0049,Kieran,Rowley,Male,7/18/1966,kieran.rowley42@example.com,+44 7282 853686
C0050,Mary,Myers,Female,7/8/1969,mary.myers39@example.com,+44 7268 145172
C0051,Kathleen,Jones,Female,5/3/1964,kathleen.jones32@example.com,+44 7140 582202
C0052,Helen,Summers,Female,7/15/2004,helen.summers43@example.com,+44 7969 684988
C0053,Lisa,Fraser,Female,7/20/1990,lisa.fraser78@example.com,+44 7626 243194
C0054,Angela,Kelly,Female,8/20/1987,angela.kelly75@example.com,+44 7652 925849
C0055,Stephanie,Hamilton,Female,7/27/1940,stephanie.hamilton42@example.com,+44 7188 211441
C0056,Aaron,Harris,Male,1/5/1951,aaron.harris38@example.com,+44 7693 778753
C0057,Eleanor,Riley,Female,2/9/1971,eleanor.riley11@example.com,+44 7203 806546
C0058,Kathleen,Roberts,Female,8/24/1982,kathleen.roberts36@example.com,+44 7104 577472
C0059,Abdul,Chandler,Male,12/10/1943,abdul.chandler2@example.com,+44 7569 364480
C0060,Patrick,White,Male,5/6/1958,patrick.white16@example.com,+44 7946 630894
C0061,Joshua,Davidson,Male,9/12/1958,joshua.davidson27@example.com,+44 7988 608719
C0062,David,Cox,Male,2/24/1953,david.cox87@example.com,+44 7382 884466
C0063,James,Brown,Male,12/1/1978,james.brown10@example.com,+44 7147 228939
C0064,Bernard,Rowe,Male,6/10/1993,bernard.rowe27@example.com,+44 7478 995803
C0065,Lee,Jenkins,Male,8/1/1956,lee.jenkins2@example.com,+44 7248 601758
C0066,William,Khan,Male,9/13/1933,william.khan1@example.com,+44 7101 510082
C0067,Vanessa,Cooke,Female,10/2/1998,vanessa.cooke98@example.com,+44 7977 432625
C0068,Paul,Skinner,Male,12/10/1974,paul.skinner19@example.com,+44 7108 606054
C0069,Samantha,Harris,Female,10/4/1943,samantha.harris16@example.com,+44 7504 677846
C0070,Nicola,Newman,Female,3/21/1941,nicola.newman91@example.com,+44 7227 638403
C0071,Terence,Newman,Male,7/31/1990,terence.newman77@example.com,+44 7408 816693
C0072,Russell,Harris,Male,4/6/1957,russell.harris58@example.com,+44 7655 948384
C0073,Carl,Phillips,Male,7/11/1988,carl.phillips28@example.com,+44 7476 913022
C0074,Judith,Barker,Female,11/16/1938,judith.barker13@example.com,+44 7280 372184
C0075,Gerald,West,Male,12/9/1963,gerald.west11@example.com,+44 7925 124186
C0076,Karen,Walton,Female,11/11/1998,karen.walton6@example.com,+44 7778 503946
C0077,Kathleen,Jones,Female,4/26/1962,kathleen.jones44@example.com,+44 7913 829198
C0078,Damien,Harrison,Male,8/27/2002,damien.harrison21@example.com,+44 7390 172891
C0079,Molly,Hill,Female,8/8/1968,molly.hill37@example.com,+44 7202 657886
C0080,Dorothy,Carter,Female,3/2/1940,dorothy.carter25@example.com,+44 7343 859474
C0081,John,Rogers,Male,9/25/2000,john.rogers2@example.com,+44 7389 460126
C0082,Iain,Carroll,Male,11/13/1948,iain.carroll12@example.com,+44 7582 134616
C0083,Eleanor,Marshall,Female,10/2/1991,eleanor.marshall19@example.com,+44 7986 659755
C0084,Marie,Cooper,Female,2/8/1970,marie.cooper44@example.com,+44 7469 828830
C0085,Carolyn,Khan,Female,1/26/1997,carolyn.khan49@example.com,+44 7396 306052
C0086,Marian,Brown,Male,7/23/1998,marian.brown55@example.com,+44 7538 229492
C0087,Albert,Jones,Female,3/13/1984,albert.jones62@example.com,+44 7797 180866
C0088,Jill,John,Male,10/8/1973,jill.john86@example.com,+44 7203 972537
C0089,Dean,Griffin,Male,7/5/2002,dean.griffin100@example.com,+44 7360 151944
C0090,Benjamin,Alexander,Female,6/10/1973,benjamin.alexander35@example.com,+44 7493 373357
C0091,Stephen,Hopkins,Male,6/5/1948,stephen.hopkins99@example.com,+44 7234 534140
C0092,Hollie,Owen,Female,5/10/1955,hollie.owen95@example.com,+44 7425 827936
C0093,Colin,Owen,Male,10/3/1958,colin.owen75@example.com,+44 7100 153644
C0094,June,Webb,Female,12/21/1955,june.webb82@example.com,+44 7114 151265
C0095,Charles,Pearce,Male,6/4/1948,charles.pearce51@example.com,+44 7165 218865
C0096,Carole,Smith,Female,2/16/1935,carole.smith71@example.com,+44 7163 841000
C0097,Sally,Knight,Female,1/30/1999,sally.knight17@example.com,+44 7817 233317
C0098,Darren,Powell,Male,6/19/1976,darren.powell16@example.com,+44 7403 167903
C0099,Jeremy,Thomas,Male,2/11/1947,jeremy.thomas68@example.com,+44 7523 745023
C0100,Kevin,Storey,Male,9/26/1981,kevin.storey15@example.com,+44 7525 771043